,,sent,ret_next
2023-01-02,JPM,0.3833895456261802,0.004892740944522966
2023-01-02,NVDA,0.5035091215660363,0.021470691206029846
2023-01-03,AAPL,0.3717478819086663,-0.02277585457990372
2023-01-03,NFLX,0.1280410250020855,-0.008349307524290639
2023-01-04,AAPL,-0.20553340222498076,0.002704778588070278
2023-01-04,AMZN,0.4814308046745634,-0.013663972692567139
2023-01-04,META,0.3200334786972592,0.026595108367743148
2023-01-04,NFLX,0.05029286594974744,0.02860147732519569
2023-01-05,NFLX,0.43021244953428617,-0.011645142608458836
2023-01-06,AMZN,0.2754909407401943,-0.014367912472994515
2023-01-06,GS,-0.008024703442636144,0.003922407148773344
2023-01-06,NVDA,0.4834700448254247,0.007531006033662413
2023-01-06,TSLA,0.3578847714868139,-0.023236880842130492
2023-01-09,AAPL,0.1817086391184055,-0.014843523165364414
2023-01-09,JPM,0.003935186566598442,-0.005563499630984792
2023-01-10,GOOGL,0.5849442122098607,0.024436020807466985
2023-01-11,GS,0.21567824553008758,0.005603584811228579
2023-01-11,TSLA,0.07677991540068674,-0.009783781829059812
2023-01-12,GS,0.46467252133389725,-0.004134164963697784
2023-01-13,AAPL,0.17245339933148213,0.020905870735603127
2023-01-13,AMZN,0.07084648163829203,0.004069245317663617
2023-01-13,GS,-0.0691527198005959,-0.00036634805695678896
2023-01-16,JPM,0.3182105804017407,-0.0164317400842664
2023-01-17,TSLA,0.15171328971326492,8.619356936989675e-05
2023-01-18,JPM,0.067656273954782,-0.006139864791792404
2023-01-18,META,0.060782272691521505,-0.003582299260954769
2023-01-19,NVDA,0.07669562846350221,-0.044294762563209966
2023-01-23,AAPL,0.16922228295574893,-0.000498542084328979
2023-01-23,GOOGL,-0.06729923751575101,-0.006925901555453362
2023-01-23,NVDA,0.285992977644223,-0.007915911721897428
2023-01-24,MSFT,0.18581942152372632,0.0414496902406396
2023-01-26,JPM,0.20184331564550934,0.004447211151708208
2023-01-27,AMZN,0.04091967260369228,-0.013077236535920855
2023-01-27,GOOGL,0.6928839161104989,-0.004570126665904839
2023-01-31,GOOGL,0.34515044121503446,0.0005532542697348486
2023-01-31,GS,0.21860570465723142,0.003871053366895305
2023-01-31,META,-0.1092725714826657,-0.022376783446508064
2023-01-31,MSFT,0.21860570465723142,-0.03226226963411327
2023-02-01,NVDA,-0.23532416201327055,-0.007524948814447652
2023-02-02,AMZN,0.07369072579658256,-0.0008718665730153008
2023-02-02,JPM,0.3509686715526887,-0.012905497272349686
2023-02-03,GOOGL,0.3714664944704888,-0.01134415315034809
2023-02-03,JPM,0.18377657097816802,-0.008947427000958186
2023-02-03,NVDA,0.04581471134112144,-0.015067893164190327
2023-02-06,GOOGL,-0.03602960560967295,0.02272769956220322
2023-02-06,META,-0.1914215450723294,0.025914546091980295
2023-02-06,NVDA,0.016071103079046134,0.02374145503112235
2023-02-07,META,0.09311999717158707,0.017733676970625778
2023-02-07,MSFT,0.16587999699387734,0.011546689445259384
2023-02-08,NFLX,-0.6402099417033502,0.005872042338178174
2023-02-09,GS,0.29628215975155525,-0.014448462402525397
2023-02-10,JPM,0.6424475700839503,0.02311286216441344
2023-02-10,MSFT,0.582101825764773,0.027961456133162033
2023-02-10,NVDA,0.17228083044803216,-0.011405417930185568
2023-02-13,GS,-0.4940081985382332,9.332234618497637e-05
2023-02-14,AMZN,0.23399412990945706,0.010324637600864106
2023-02-14,GOOGL,0.08376688514804642,0.011519630939825332
2023-02-14,JPM,0.08376688514804642,-0.029909652306784884
2023-02-14,NFLX,0.05591495839979771,0.017190673311574978
2023-02-14,NVDA,0.4009905370619853,-0.0029829954283898674
2023-02-15,MSFT,0.03376223487067133,-0.008290595582814975
2023-02-17,AMZN,-0.12167957754707581,-0.0008233055056057204
2023-02-17,MSFT,0.1357817211864133,0.020356315411274917
2023-02-20,AAPL,0.18846170071133517,0.012184301287417432
2023-02-20,TSLA,0.08261033618058038,-0.03522933685235574
2023-02-22,AAPL,0.14381624689789335,0.010228736333322441
2023-02-22,JPM,0.2296319732477387,-0.021269413507589707
2023-02-23,META,0.02469838694747693,-0.04982331803283935
2023-02-24,META,0.11427634824413418,0.00585773777258769
2023-02-27,GOOGL,0.3842648559137712,0.027545726643762647
2023-02-27,MSFT,0.19207477667835482,0.005084634884108041
2023-02-28,GOOGL,0.24291061945839681,-0.0044800733036256535
2023-02-28,META,0.0312899588012438,-0.0005111753403710395
2023-03-01,NVDA,-0.2679995896746843,0.006293099849329797
2023-03-02,JPM,0.5220422999794029,-0.006301423094648206
2023-03-02,MSFT,0.6612562335149511,0.006486164817927298
2023-03-03,GS,0.4762872069959108,0.021683428197228682
2023-03-03,NFLX,0.4368821933289114,-0.03298735683855891
2023-03-07,AAPL,0.08133283466174823,0.005619881796000925
2023-03-07,GOOGL,0.5996727265798442,0.021024207620202517
2023-03-07,MSFT,0.22789792347005805,0.016232616541447475
2023-03-07,NFLX,0.12333425516366653,-0.03240688176302131
2023-03-07,NVDA,0.20367900819551482,-0.00011620242612153664
2023-03-08,NVDA,0.012188310735582825,-0.0005468680881054455
2023-03-10,GOOGL,0.15699461084657118,-0.01724486414456905
2023-03-10,NVDA,-0.21657058022863238,-0.009313809614178825
2023-03-13,MSFT,0.5435223563195322,-0.024585683740403597
2023-03-14,AAPL,0.10006269185289257,-0.01103842576945624
2023-03-15,AMZN,-0.0678487448179429,0.02983654005622749
2023-03-15,NVDA,0.16763891909184525,-0.012407814331319877
2023-03-16,AAPL,0.08600399811957192,0.027685250507478942
2023-03-16,GS,-0.808759421541251,0.007419927864529052
2023-03-16,NFLX,0.2416408212684454,0.03299472609287557
2023-03-17,JPM,0.08268009380904358,0.013560896554087432
2023-03-17,MSFT,0.13035962776709406,-0.011191177327300239
2023-03-17,NVDA,0.1594674834106099,-0.026173268124123128
2023-03-20,GS,0.16381519591596122,0.014029843692237254
2023-03-20,META,-0.3932156789022747,-0.010085608708540028
2023-03-22,AMZN,-0.02367916713158183,-0.022404453112727984
2023-03-22,GOOGL,0.19847452104494198,-0.0013710872413856823
2023-03-22,GS,-0.03934911856988707,0.04431913998984327
2023-03-22,MSFT,0.11629366802062283,-0.005657670333897857
2023-03-22,NVDA,0.3708768399508687,-0.007535974049408312
2023-03-23,AMZN,0.033856332579267095,-0.007198881932389045
2023-03-23,GS,0.0629433963084995,-0.01921542410316268
2023-03-23,NFLX,0.08477228804113915,0.013489808144719007
2023-03-24,GOOGL,-0.2317652183182961,-0.03666505856645352
2023-03-24,NVDA,0.03265734778767608,0.008935860775726834
2023-03-27,JPM,0.451079164539635,-0.0028414817383303204
2023-03-29,AAPL,0.15343577479465392,-0.005859815216790687
2023-03-29,AMZN,0.24038242071384605,-0.031056830166179328
2023-03-29,JPM,0.0786408941231222,-0.003466662187157299
2023-03-29,META,0.21182594400373875,-0.02277154612539478
2023-03-30,NFLX,0.6379737950597937,0.015626460324337454
2023-03-31,AAPL,-0.6597111688719375,0.01596974062425427
2023-03-31,TSLA,0.1944000785696458,0.001959110788959162
2023-04-03,META,0.0908038482298209,-6.150119498216089e-05
2023-04-03,NFLX,0.1652790195073148,-0.005329650079187509
2023-04-04,GS,-0.6596602948750478,-0.012102417305376756
2023-04-04,MSFT,0.2139378427419793,-0.005221083661071213
2023-04-06,JPM,0.008075388900923297,0.02005384150177769
2023-04-06,META,-0.16802905578676025,-0.0038253761743718417
2023-04-07,MSFT,0.3617902112263357,-0.005457440039764672
2023-04-10,GS,0.002891205009866449,0.008536602870216958
2023-04-11,META,0.3345609014246187,-0.014841641538277828
2023-04-12,GS,0.0994394075463545,-0.02826380534110151
2023-04-12,META,0.25845016406381116,0.012129304405697372
2023-04-13,AAPL,0.22336137297472697,0.0032590135138736986
2023-04-14,NVDA,0.5746964253503035,-0.0010593672917491581
2023-04-17,GS,0.13201075381184835,-0.01258836697834087
2023-04-17,NFLX,0.3665617467441962,0.005229350723481296
2023-04-18,NFLX,0.27882041175463207,-0.0050747015074664725
2023-04-19,AMZN,0.14239710687319418,-0.014019577721091414
2023-04-19,GS,-0.018101656713710043,-0.02626106899434244
2023-04-19,MSFT,-0.5234301795757511,-0.006771927465843763
2023-04-19,NVDA,-0.8284773009729216,0.006875802908120399
2023-04-20,GOOGL,0.24698666440888253,0.018919535027392742
2023-04-20,NVDA,0.6518271237293847,-0.015565204412583578
2023-04-20,TSLA,0.10616035636899665,-0.019194044937456578
2023-04-21,NFLX,0.04390422066802693,0.021301058777043247
2023-04-24,AAPL,-0.045578976067296745,-0.020903541396818492
2023-04-24,AMZN,0.10441910847664526,0.004760898625571164
2023-04-24,MSFT,0.07382092071239665,-0.009582858439434072
2023-04-25,AAPL,0.19634056943450806,0.009207636513465456
2023-04-27,AAPL,0.22231459280643923,0.0006250894241155436
2023-04-27,JPM,0.1221676693473408,-0.025996241052621438
2023-04-28,AAPL,-0.6018229707422873,0.009094546204583054
2023-04-28,GS,0.14593485516009236,0.004874899943943856
2023-04-28,NFLX,0.3984277978819016,-0.004993041766255701
2023-05-01,AAPL,0.07738123116756038,0.008473257714406435
2023-05-01,GOOGL,0.38475459908090864,0.00239389701312942
2023-05-01,JPM,0.5293507558380703,-0.013340616425645213
2023-05-02,GOOGL,0.5896331777414165,0.0004242071920141921
2023-05-02,META,-0.33410426740206783,-0.020934358542702536
2023-05-02,MSFT,0.026996683909044104,-0.006886583670265289
2023-05-04,JPM,0.11132999463722738,-0.019206999380672496
2023-05-05,JPM,0.49177449658296035,0.004628046967988686
2023-05-08,JPM,0.30153954410903666,0.0031214490905153713
2023-05-08,TSLA,0.1543830184710688,-0.025675000438963647
2023-05-10,AMZN,0.7439190251767789,-0.042117390864769844
2023-05-10,META,-0.44054280378846544,-0.028297186988779255
2023-05-10,TSLA,0.6649788693090868,-0.014498594189057856
2023-05-11,AMZN,0.13954198869052586,0.029833219083039042
2023-05-12,TSLA,0.61684408033976,-0.0012244651599431222
2023-05-15,NFLX,-0.4450657115061508,-0.016870886815789188
2023-05-16,AAPL,-0.0402444570688838,-0.00638644538504507
2023-05-16,GS,-0.17755369286156567,0.004073672153876773
2023-05-16,NFLX,0.02708611461445798,0.039751812499084105
2023-05-17,GS,0.28475929758730983,-0.019706394190431298
2023-05-17,NFLX,0.057016358165642864,-0.002796944297757342
2023-05-18,AAPL,0.051603311249080575,-0.0059947110645506285
2023-05-19,GS,-0.6338982203271628,0.002949892916598973
2023-05-19,JPM,0.580574516342516,-0.018222910947031545
2023-05-22,MSFT,0.1104497481701345,0.01746024629637355
2023-05-22,NFLX,-0.40471308204403666,0.005487555652793796
2023-05-23,NFLX,0.030159174207357066,0.01086539276012366
2023-05-24,AAPL,0.06330536181388957,-0.016561718427467564
2023-05-24,AMZN,0.18991697263118212,0.009889715942515531
2023-05-25,NVDA,0.7092687308005855,-0.010165838941591954
2023-05-26,GOOGL,0.10206090196283384,-0.00112667439518499
2023-05-26,JPM,-0.12154503998541483,0.02278445200639223
2023-05-29,GOOGL,0.21964704428887277,-0.028004112291075134
2023-05-29,NVDA,0.3134417035805417,0.03281405292440187
2023-05-30,TSLA,-0.29871099994537886,-0.01677509287963519
2023-05-31,NVDA,0.34417155654439985,-0.03848822500192861
2023-06-01,GS,0.5816388748552955,-0.039751578180014735
2023-06-01,NVDA,0.4345794717195269,-0.026490513303008223
2023-06-02,AAPL,0.01701062651489843,-0.02530340534244835
2023-06-02,GS,0.03631913686537562,0.01200937327224949
2023-06-05,GS,-0.024697117106734945,-0.0016356921701317084
2023-06-07,AMZN,0.3783207985742711,-0.006606432027063236
2023-06-09,NVDA,0.4435740793695315,0.00898683509790943
2023-06-12,AAPL,0.24228726002927858,-0.003900773434989513
2023-06-13,AMZN,0.3042710687979392,-0.019279067692483776
2023-06-14,GS,0.09006493202836376,0.019438183591400593
2023-06-16,AAPL,0.3232432919333281,0.025177098155686695
2023-06-16,NVDA,0.39851743778348386,0.011463240382149742
2023-06-19,GS,-0.6311577910779853,0.0356332045587493
2023-06-19,MSFT,0.07761643441599773,0.0033849945143322735
2023-06-19,NVDA,0.16103916713303684,-0.028507719514589858
2023-06-20,AMZN,0.06226482035630901,0.022474161882496846
2023-06-20,MSFT,-0.15213983498593975,0.014523389186114066
2023-06-20,TSLA,-0.2329566686807958,0.003775665696718722
2023-06-21,AAPL,0.06406455503181058,0.02710015904884089
2023-06-21,JPM,0.3211270719556173,0.020122333640625545
2023-06-21,META,0.1806348794418906,-0.001552453084394556
2023-06-22,JPM,-0.2435616592199294,0.010370038852903773
2023-06-23,GOOGL,0.15614879744560242,0.03583543296835168
2023-06-23,TSLA,0.3877667990462979,0.020819848683597986
2023-06-26,JPM,-0.8547200725473467,-0.013632254078750794
2023-06-27,AAPL,0.5615670392085973,-0.006594735112989136
2023-06-27,AMZN,-0.018788741041671414,-0.005745567625223824
2023-06-27,MSFT,0.3074167817468506,-0.011660809952840023
2023-06-28,GS,-0.2630295905846577,-0.0012349135991340798
2023-06-28,JPM,0.2573539483892036,-0.003104808033793205
2023-06-28,META,0.11628353841100654,0.01054109518939228
2023-06-28,MSFT,0.21450572841802484,-0.00429351543349088
2023-06-28,NFLX,0.45000037740395604,-0.020690613846036432
2023-06-29,GOOGL,0.15250693004343002,0.027499867219221485
2023-06-29,GS,-0.4988815091536878,-0.00015497324392133027
2023-06-29,JPM,-0.09959420313950573,0.009037587730127639
2023-06-30,META,0.030732137863572373,0.010778195188056117
2023-06-30,MSFT,-0.05835989533992211,-0.00022420136345169261
2023-07-03,AAPL,0.1260670848628495,-0.025737508610303994
2023-07-04,NVDA,-0.2917293536169574,-0.022149743716898818
2023-07-05,GS,0.4380486602392861,0.017006219894751373
2023-07-05,JPM,-0.766604524669649,-0.03230087974043949
2023-07-05,NFLX,-0.04169353844720483,0.03082164571906132
2023-07-06,GOOGL,0.2954077176426095,-0.0014420998921791384
2023-07-10,AAPL,0.6358940912551868,0.05427099111041378
2023-07-10,MSFT,0.4937335031254173,0.009226145571776145
2023-07-12,JPM,0.2614675534490003,0.01689216536059379
2023-07-12,MSFT,0.42742523264488097,-0.02849101327884984
2023-07-13,AAPL,0.2710494370290675,-0.037264755730930466
2023-07-13,AMZN,0.06599532728483244,0.006710727908241898
2023-07-13,GS,0.3645874366810899,0.027360699535767585
2023-07-13,JPM,-0.07691354700602646,0.002687209666028423
2023-07-14,AAPL,0.053594486975606426,0.005232448012692625
2023-07-14,GS,0.2403493508007138,0.00956394174066344
2023-07-17,AAPL,0.1985850660573752,-0.014132130267440202
2023-07-17,NFLX,-0.7606166986615917,0.007660674512569354
2023-07-19,AAPL,0.12486064544022,-0.01056157312908268
2023-07-20,NVDA,0.686441315682817,-0.002030700259191609
2023-07-20,TSLA,0.09406465414534465,-0.002499002043778842
2023-07-24,AMZN,-0.01827283082837955,0.02319598790936661
2023-07-24,META,-0.09223799914879321,0.0005298674169456064
2023-07-25,AAPL,0.06381480354361907,-0.0024524149714876264
2023-07-25,NVDA,0.2227883901229713,-0.0025639064314700866
2023-07-26,NFLX,-0.7023114601958697,0.006246367816153731
2023-07-26,TSLA,-0.5683847963423083,-5.529525133041169e-05
2023-07-27,MSFT,0.15253290808388936,0.001570207062065565
2023-07-27,TSLA,0.3008325227168567,0.01571786781237927
2023-07-31,GOOGL,0.07253310883145492,-0.0003997710889134254
2023-08-01,GS,0.5863687203985692,0.02039055186865557
2023-08-02,AMZN,0.47023823352814853,-0.007219738661851771
2023-08-03,JPM,0.49837023600937147,-0.02765646677689182
2023-08-03,META,0.05897124140856101,0.012646923807562827
2023-08-03,MSFT,0.1471928462095976,-0.04712230294792996
2023-08-04,AAPL,0.21563951611318982,-0.008550555049625541
2023-08-04,GS,0.15680071106201832,0.042078832719151915
2023-08-04,JPM,0.014039868697614602,0.008475623702828061
2023-08-04,TSLA,-0.5000541726226986,0.03828512782058113
2023-08-07,META,0.27582743336212195,0.0005652781768030746
2023-08-07,NVDA,0.2883180131056829,-0.01204904598462364
2023-08-08,GS,-0.09682317316041067,0.0016689354170207338
2023-08-08,JPM,0.5233110717958256,0.022293481566932005
2023-08-08,MSFT,0.3884303745234201,-0.017792334655403863
2023-08-09,AMZN,0.06894180347837645,-0.014376349891037754
2023-08-09,JPM,-0.45262351632473663,-0.007252462735981791
2023-08-09,NFLX,0.24207143864096825,-0.040857349634185636
2023-08-09,NVDA,-0.7340045993618605,0.013587083230637509
2023-08-10,GS,-0.2251368438745901,-0.013504886299970265
2023-08-11,AMZN,0.09177539747951549,-0.04052249491498705
2023-08-11,JPM,0.26698577169854376,0.01724639415244167
2023-08-11,NFLX,0.02973538039868994,0.011763542734945842
2023-08-14,MSFT,0.8020490262580308,0.0042883120550178955
2023-08-14,TSLA,-0.778962983269312,0.011746833472703555
2023-08-16,GS,0.42541798007139026,-0.002194706914557476
2023-08-17,GS,0.04101604107321358,-0.02127143424723299
2023-08-17,NFLX,0.008485938580721539,-0.010996025732942227
2023-08-18,TSLA,0.15623129840154637,0.0026686033938938536
2023-08-21,AAPL,0.2317516282370986,-0.00033366979028714994
2023-08-21,JPM,0.617032942525366,-0.01549900820710004
2023-08-21,META,0.30035907481404317,0.009322001997183138
2023-08-21,TSLA,0.10543179411125625,-0.006946143192751997
2023-08-22,AAPL,-0.08052592315109586,-0.011321601315343766
2023-08-22,GOOGL,0.14374778389353704,0.0008789221697855787
2023-08-22,JPM,-0.00152145387421046,-0.04813128594225802
2023-08-22,NVDA,0.08107382136015193,0.035353664189179845
2023-08-24,AAPL,0.19244964017880778,-0.007759441538466416
2023-08-24,MSFT,0.3395071461607334,-0.004184176987040544
2023-08-25,AAPL,0.3280820100641821,-0.021427991102888178
2023-08-25,NVDA,-0.06323516300730825,0.01524022734664987
2023-08-29,AAPL,-0.11145282858560329,0.0035127377720107766
2023-08-29,GS,-0.6928111821653417,0.020763638369531323
2023-08-30,AAPL,0.02098747539829697,0.029243063853597207
2023-08-30,META,-0.05719691905758373,0.020333113859517526
2023-08-31,AMZN,0.34396877268860193,0.00015436966145476738
2023-08-31,GOOGL,0.5842723072526075,-0.00911577417476428
2023-08-31,GS,-0.4999030483908262,-0.023560460286346507
2023-09-01,JPM,-0.144662802477138,0.015392595777840246
2023-09-01,META,0.014052718054552743,0.013665167526399014
2023-09-05,MSFT,0.7611934599454432,-0.016827045804021168
2023-09-05,NVDA,0.13677691964083458,0.002226000862134647
2023-09-06,GOOGL,-0.6322179864398296,-0.03162758889469164
2023-09-06,GS,0.3535666222852136,0.015078049070462951
2023-09-06,TSLA,0.45052534390677695,0.02089711632487612
2023-09-07,GOOGL,0.16672857181569756,-0.002684551313980932
2023-09-07,GS,0.13371323532815713,0.002120147032838915
2023-09-07,JPM,0.35232734710961566,0.009373834492230726
2023-09-08,AAPL,0.03493353151546333,0.020520913844636945
2023-09-08,GOOGL,0.2688051099458342,-0.02728962038816385
2023-09-08,JPM,0.08696491513885589,0.0070185078928388656
2023-09-08,NVDA,0.04901587675125746,0.0007481733681857783
2023-09-11,AMZN,0.18325147999933283,0.012825026827284924
2023-09-11,GOOGL,0.20491591570924358,0.017970954957298835
2023-09-11,MSFT,-0.8541193495947583,0.03480274537578687
2023-09-12,GOOGL,0.33866979196603786,0.028089543517407334
2023-09-12,MSFT,0.247072757291386,-0.011572881146627023
2023-09-12,NVDA,0.1938302125297193,0.0005213574734177495
2023-09-14,MSFT,0.2600833659317369,0.008102883134830208
2023-09-14,TSLA,0.47278356005700106,-0.02517562487899705
2023-09-18,NFLX,0.2437533640524869,0.006234854936797873
2023-09-20,AMZN,-0.06751020144766384,-0.016081249485248916
2023-09-20,NFLX,0.178065094822737,-0.0192416626479065
2023-09-21,GS,0.024686698580837135,0.00025775193560506615
2023-09-21,JPM,0.12119951367177585,-0.04161048966153269
2023-09-22,GOOGL,0.11535827640544437,-0.008245998309392766
2023-09-25,AAPL,-0.5923872931505567,-0.019337408767550524
2023-09-25,AMZN,0.10060822841572858,0.014313176784355841
2023-09-26,AAPL,-0.02708036354334048,-0.015582404555052443
2023-09-27,TSLA,-0.08321823018447427,-0.011722117271242283
2023-09-28,NFLX,0.21047961640308432,-0.025095732256062542
2023-09-29,AAPL,0.22335728475867012,0.0003078537762892797
2023-09-29,AMZN,0.048830751593515326,0.0014499881746117271
2023-09-29,META,0.08788261756443555,0.057038956700045995
2023-10-02,NVDA,-0.029891724067548725,-0.010648529749516134
2023-10-03,AAPL,0.1099567290997264,0.006497358726711644
2023-10-03,TSLA,0.44857963662345196,0.014557198447678221
2023-10-04,TSLA,0.5682658768270118,0.0012961712828229999
2023-10-06,MSFT,0.1464447249823075,0.015365739440522885
2023-10-09,AAPL,0.031870783569634784,-0.035844892885886326
2023-10-09,AMZN,-0.2440300871741113,0.015038100345042382
2023-10-09,JPM,-0.7885786855158791,0.05149593059348012
2023-10-09,MSFT,0.0328221800510245,-0.012357854218176256
2023-10-09,NVDA,0.19926984893202254,0.0450659773639015
2023-10-09,TSLA,0.2651637678092529,-0.004978312953308972
2023-10-10,NVDA,0.3638823393602737,-0.014204308924845144
2023-10-11,MSFT,0.317362436983556,-0.0265243376020734
2023-10-11,NVDA,0.03685038852354808,0.005779434044059117
2023-10-13,AMZN,0.07358442820967363,0.022017946372508312
2023-10-13,NFLX,0.08049826211900377,0.027417276451314754
2023-10-16,AAPL,0.3779553701970232,-0.005598491640211867
2023-10-16,MSFT,-0.6126078711038215,0.03094945860762799
2023-10-16,NFLX,0.12720632553111674,0.0024763169171575505
2023-10-16,NVDA,0.596777335103327,0.01649747891247766
2023-10-17,AAPL,-0.83803295695693,0.017029624315273884
2023-10-17,MSFT,0.12229063722164135,0.009324985050954027
2023-10-18,AAPL,0.16643913706889713,-0.02320167299681608
2023-10-19,AAPL,-0.008391686381390817,0.0009518195597046919
2023-10-20,TSLA,0.222032744843839,0.014561772880603785
2023-10-23,GOOGL,0.36848410217581395,0.022126370459383482
2023-10-24,META,0.468446681688972,0.005917885358839081
2023-10-25,AMZN,0.015801104065712862,-0.01555411675872398
2023-10-25,JPM,0.48548099419342455,0.02781637396822001
2023-10-25,NFLX,-0.0796804769839575,-0.03445277958280024
2023-10-26,AMZN,0.45993610411493296,0.0006063069798880605
2023-10-27,AMZN,0.08874110252505601,-0.004974351401585975
2023-10-27,GS,0.4778816720979083,0.0173360541133194
2023-10-27,TSLA,0.4466792773478368,-0.007120857509623324
2023-10-30,JPM,-0.15635190869836893,0.0116562342041997
2023-10-30,TSLA,-0.8482801282267035,-0.016277002481934866
2023-10-31,AAPL,-0.1516514907639218,-0.003622880179841248
2023-10-31,AMZN,-0.6028708072440665,0.037981126188364245
2023-10-31,GOOGL,0.758205204956195,-0.023201732523316476
2023-10-31,MSFT,0.39280848096269105,0.0028629314774195613
2023-10-31,NFLX,-0.5162313281577376,0.044261042259175154
2023-10-31,TSLA,0.26118172884841856,-0.008749434241176801
2023-11-01,META,0.021509252549433006,0.009653544374318423
2023-11-01,MSFT,0.5259835471477081,0.022766385407161582
2023-11-02,AMZN,0.3094640548091478,0.021067732447582976
2023-11-02,GOOGL,-0.06854142120709442,0.03713610495602904
2023-11-02,JPM,0.5236384004474437,-0.020715741331858495
2023-11-03,JPM,-0.040655433272936886,-0.03820693020467236
2023-11-03,NFLX,0.36346636529293225,0.0008676942708580881
2023-11-07,AMZN,0.045420733933277835,0.011984521078135746
2023-11-07,JPM,0.05409061259343084,0.00625128283096954
2023-11-07,MSFT,0.5070853540455975,-0.017064656670192746
2023-11-08,AAPL,0.22826793232693207,0.04677554808622619
2023-11-09,GOOGL,0.11150278944963843,-0.03721539402102825
2023-11-10,AMZN,-0.0070220472654626,0.011907011295148928
2023-11-10,META,0.5877023627050985,-0.011470830061502624
2023-11-13,NFLX,0.09665147396749094,0.02426108655471726
2023-11-13,TSLA,0.03331932005533107,-0.0017722620657406596
2023-11-14,AMZN,0.225849862235114,0.011934973231510826
2023-11-14,META,0.4248696657252849,-0.02116009320361567
2023-11-15,NVDA,-0.24375193867187517,-0.024021685798991776
2023-11-16,NFLX,0.0643728588522624,-0.0077618322068093715
2023-11-17,NVDA,-0.11414420314838969,-0.03761681345242618
2023-11-21,AAPL,-0.445920942351407,-0.011310189333649245
2023-11-21,META,0.026608647524297424,-0.009641300328708913
2023-11-22,NFLX,0.21064815334491557,-0.018231259456071736
2023-11-23,AMZN,0.3218289742156673,0.03202399332593231
2023-11-23,META,0.1396297462233886,0.018959492462852445
2023-11-24,AAPL,0.04760753130651457,-0.018549264319715042
2023-11-24,GS,0.2502965491206595,-0.004247659297641149
2023-11-24,JPM,0.2502965491206595,-0.019224705016924526
2023-11-24,META,0.08007646727559808,-0.009224932618651982
2023-11-24,NFLX,0.18472491315864903,-0.01805990724756501
2023-11-24,NVDA,-0.6237895016357057,-0.02287237321994806
2023-11-24,TSLA,0.16742814760354963,-0.02574518511308388
2023-11-27,NFLX,-0.06443701522975068,-0.027365288377195096
2023-11-28,AAPL,0.12339911252056061,-0.01526577249222405
2023-11-29,AMZN,-0.023246434048835224,0.0006171476081029414
2023-11-29,GOOGL,0.08578858312644547,0.02284937213519056
2023-11-29,GS,0.25308722311757004,-0.010120216197936571
2023-11-29,NVDA,0.2632403122671529,0.02965962329070826
2023-11-30,AMZN,0.3268489083334832,0.004058564741496795
2023-12-04,META,0.14936461770290838,0.010241878731466425
2023-12-04,NVDA,0.12338292559343637,-0.015978454109859874
2023-12-06,JPM,-0.11226234648615435,0.0011680400679519032
2023-12-07,JPM,0.14158681558205005,-0.0011600112813048291
2023-12-07,NFLX,0.06362625037160803,0.013893636399400666
2023-12-08,AMZN,0.12270681718905366,-0.0010345965849486438
2023-12-08,GOOGL,0.034846640322326185,0.010634435436935208
2023-12-08,JPM,0.6579103022205356,-0.004516441987041264
2023-12-08,MSFT,0.31730368399804876,-0.007158327191165159
2023-12-11,JPM,-0.21234674407555063,0.01473361571012255
2023-12-12,META,0.03901195522763415,0.03603689927174103
2023-12-13,AMZN,0.04709999210903358,0.0006062015695957879
2023-12-14,MSFT,0.17025090168462775,-0.027673469363666325
2023-12-14,NFLX,0.1546422312080032,-0.023928629937336243
2023-12-15,GS,0.08203812561742592,-0.004975662515766643
2023-12-15,META,-0.020012549805362267,-0.017795440577605293
2023-12-18,AAPL,0.15543953419708706,-0.004006951885839993
2023-12-18,GOOGL,-0.5188304598288253,-0.013201248240373387
2023-12-19,AAPL,-0.10026568865015048,0.014496140935956747
2023-12-19,AMZN,0.2208881366042027,-0.01890274878345688
2023-12-22,NFLX,0.12085857489297863,-0.01581867327745845
2023-12-25,AAPL,0.012652549055204243,-0.024054100114604182
2023-12-25,GS,0.04806290932945362,0.007508834630801209
2023-12-25,NFLX,0.20099392192670673,0.005517109344266968
2023-12-26,AAPL,0.1391804526118863,-0.0038795822912862654
2023-12-26,GOOGL,0.04222826541005677,0.005688929672004184
2023-12-27,GS,0.2197845032462095,0.012275862478676514
2023-12-27,NVDA,0.3310409580675081,-0.020753436698210392
2023-12-28,GOOGL,-0.42881342990785465,-0.0018268964873040527
2023-12-28,NFLX,0.035246283179523774,-0.011953909901623705
2023-12-28,NVDA,0.028906860588673852,-0.003843838905645547
2023-12-29,AAPL,0.1822653336016597,-0.00954999630096176
2024-01-01,META,-0.011656677645767027,-0.005195963847677065
2024-01-02,AAPL,0.41467066040765654,0.018803484910786983
2024-01-03,AMZN,0.04504582962936712,0.0011010434279781212
2024-01-03,GS,0.03082260009768123,0.0032354138713015512
2024-01-03,META,0.13983723605046622,0.016183724105125252
2024-01-03,NFLX,-0.00017602695461524376,-0.0040148926069258906
2024-01-04,AAPL,0.38625075620396154,0.006754323599605261
2024-01-04,NFLX,0.060616503414940764,-0.011229341704311335
2024-01-05,GOOGL,0.05141635230279293,0.007846109128155643
2024-01-05,JPM,0.28661380079129195,-0.007600219963220578
2024-01-08,GOOGL,0.379627971298025,0.03445105723906461
2024-01-08,MSFT,-0.2610195448217275,-0.03316529457498474
2024-01-08,NFLX,-0.1818771970708766,0.004969990820693049
2024-01-10,AMZN,0.23710293441582006,0.02385197449300369
2024-01-10,GS,0.0684404192250362,0.016225037870702508
2024-01-11,AMZN,0.007713712828207861,0.020405026932001524
2024-01-11,META,0.029767972237629226,0.02632995191051868
2024-01-11,MSFT,0.04908850529396645,-0.027043007812826758
2024-01-12,AAPL,0.2555799210959516,0.03881124897086696
2024-01-12,JPM,0.8264109649898025,-0.028831150454845855
2024-01-12,META,0.315417865139766,-0.006799367887224461
2024-01-12,NFLX,-0.08185842639690089,0.026480719090388627
2024-01-15,AAPL,0.1056849405756687,0.029136795495035006
2024-01-16,GOOGL,-0.055308221842791216,0.008133231647546646
2024-01-16,JPM,0.1786582031856908,-0.005964715877584403
2024-01-16,META,0.1219265408178499,0.030421441727971343
2024-01-16,NVDA,0.1977550177684253,0.01291268970924686
2024-01-17,NVDA,-0.3726738455790794,0.019631233178074137
2024-01-18,META,0.07495649738668243,0.0008404299580664354
2024-01-18,NVDA,0.23665010846017914,0.00531608170269271
2024-01-19,AMZN,0.13159917132533483,-0.009952239358954396
2024-01-19,JPM,0.599797459472065,-0.015694155386045572
2024-01-19,NVDA,0.23064028054344088,-0.03241341125419439
2024-01-23,AAPL,0.21430077565149852,0.009083588910783646
2024-01-23,GOOGL,0.1766575830389475,0.0063029630646083135
2024-01-23,JPM,-0.013504770926058424,-0.02979706207768751
2024-01-23,META,0.24840071775948075,0.0044990207115411796
2024-01-23,MSFT,0.2853898371392075,0.021102802177784152
2024-01-24,JPM,0.030998940939623798,-0.025220818741275686
2024-01-24,META,0.1543685399928405,0.02963137626546075
2024-01-24,TSLA,0.1941094082992305,0.01578461063320713
2024-01-25,AAPL,0.1429972515672958,0.017240829296977678
2024-01-25,GOOGL,0.2100900338964089,0.017030132503364603
2024-01-25,NVDA,-0.032556328850201266,-0.046953942103436175
2024-01-25,TSLA,0.009127392350340102,-0.011868575203163645
2024-01-26,GOOGL,0.3248162161167958,-0.0015633893597253312
2024-01-26,META,0.10539375933449377,0.013559631720750698
2024-01-29,TSLA,0.18108700996621607,-0.01103305585018688
2024-01-30,NVDA,0.2521110044285757,-0.014240968248606434
2024-01-31,GOOGL,-0.01703093575504752,-0.0225947090087516
2024-01-31,NVDA,0.1871079232771426,0.018477841827835517
2024-02-01,JPM,0.6336915331187573,-0.04063895701879183
2024-02-05,JPM,0.03187081042452383,-0.004642391847092142
2024-02-06,MSFT,0.16018249077574248,0.00201318573849929
2024-02-06,TSLA,0.23824351216310446,-0.012729365700259732
2024-02-07,NFLX,-0.21270983800002818,-0.02373264162148714
2024-02-08,AMZN,-0.31222543731306013,0.0009244060385147357
2024-02-08,GOOGL,-0.4562523005390767,-0.0069617733153936046
2024-02-08,NFLX,-0.4051128281311047,-0.026993700918010344
2024-02-08,NVDA,0.5793799137411519,0.0068984927129518425
2024-02-09,GOOGL,0.21808789470621343,-0.004162640299596343
2024-02-09,JPM,0.8956976993960128,0.021026207082156523
2024-02-09,TSLA,0.02935424003820327,0.005901396015179694
2024-02-12,AMZN,0.4663510618495784,-0.0017155222043305773
2024-02-12,GOOGL,0.09105754630735519,-0.006380077908370807
2024-02-12,TSLA,0.253417180429773,0.00907739366098581
2024-02-13,NVDA,0.46358349000899124,-0.021980534877018898
2024-02-14,NFLX,0.4004988122768385,0.01189498079015916
2024-02-15,AMZN,0.12629723288759492,0.007555207375339101
2024-02-15,TSLA,0.48385518628386215,0.009612368599167365
2024-02-19,AMZN,0.18730680412624368,-0.019703354633398673
2024-02-19,JPM,0.09417488957880554,0.01907612726844876
2024-02-19,META,0.08132320383556361,0.0009102954791591067
2024-02-19,NVDA,0.41849171022263765,-0.003687601333604573
2024-02-21,NVDA,0.47807094867604893,0.0025290550479950547
2024-02-21,TSLA,0.4403210429217214,-0.016509333109761326
2024-02-22,AAPL,0.6376595377606702,0.016076766871749193
2024-02-22,AMZN,0.11360822243562643,-0.015575653876619744
2024-02-22,GOOGL,0.08457903020679833,0.02308383042139961
2024-02-22,META,0.48040859243074674,-0.01179890247982518
2024-02-23,GOOGL,-0.7836788683332695,0.01782971438302705
2024-02-26,AMZN,0.291495403256514,0.026438183598034737
2024-02-26,TSLA,0.029746619262798646,0.0297453975902795
2024-02-27,JPM,0.43071725809389066,0.005389932256550711
2024-02-29,NVDA,0.19956262702306118,0.03041219391518557
2024-03-01,AAPL,0.3119930381629712,0.010947282089453836
2024-03-01,META,0.07413284004516879,-0.01006156830849736
2024-03-01,NVDA,0.31192830588598175,0.006022780772452441
2024-03-04,GOOGL,0.44556612547225566,0.0069859092142225965
2024-03-04,META,0.32502396640974207,0.0025474700301875153
2024-03-05,AMZN,0.05187473600405723,-0.0012785576415825783
2024-03-05,JPM,0.08223699860244377,-0.01694394683682887
2024-03-05,MSFT,-0.22906021850035896,0.010278281438267811
2024-03-06,AAPL,0.04467816836742966,0.008338130395831644
2024-03-06,AMZN,-0.030445098098399397,0.0027628505249486235
2024-03-06,GOOGL,-0.715955524642301,0.0035971589077123944
2024-03-07,AAPL,0.4252966320271928,0.03230154739987867
2024-03-07,NFLX,-0.9207812480373667,-0.025257594467405498
2024-03-07,TSLA,0.2539382672880741,0.01142296533545939
2024-03-08,MSFT,0.15195776531132238,-0.02438675135594537
2024-03-11,MSFT,0.03287579890409831,-0.010802463679013385
2024-03-11,NFLX,0.037604914051624194,-0.0022854187120898706
2024-03-11,NVDA,-0.16474932303752207,-0.008154744432018024
2024-03-12,GOOGL,-0.041136153917366525,-0.04991800650332956
2024-03-13,NVDA,-0.2504407093449157,-0.005938033738700277
2024-03-14,GS,0.14488312090318894,-0.010631959351220965
2024-03-14,MSFT,0.17078723021202966,-0.005067716117951648
2024-03-15,GS,-0.5029801310413079,0.019035166680001048
2024-03-15,JPM,-0.4368071646732494,-0.00918908864974377
2024-03-15,MSFT,0.5797643631928301,0.008471984229172724
2024-03-18,NFLX,0.17937503036951014,0.016544816573273557
2024-03-20,META,-0.002866437953686962,0.004198412818706698
2024-03-20,MSFT,0.1463809906803971,0.012297736356382538
2024-03-21,AMZN,0.3574663207133779,0.0006519464183201151
2024-03-21,JPM,0.012235807659555203,-0.006965241261045474
2024-03-25,AMZN,0.23780045665901167,0.008081869561245902
2024-03-25,META,0.06071896769389497,0.025629906231746657
2024-03-26,GOOGL,0.4108711858060834,0.02736069896611304
2024-03-27,GOOGL,0.07666444025495156,-0.009322316017959409
2024-03-28,AAPL,0.869704314585668,-0.0008048330601568843
2024-03-28,GOOGL,-0.16517816024271226,0.008757953218273551
2024-03-28,GS,-0.7980315903872028,-0.01004527705807634
2024-03-28,NFLX,0.018239096116423187,0.011057933146237708
2024-03-28,NVDA,0.1650488801851627,0.02862826865891055
2024-03-29,GS,0.11284271029245749,-0.01775060663374073
2024-03-29,JPM,0.4243698365928248,-0.022023301798217765
2024-04-01,AAPL,0.16891070074390102,-0.008889291694491486
2024-04-02,META,0.05988677102132767,-0.013306981762416736
2024-04-03,AMZN,0.15791520392504133,-0.012010403316523366
2024-04-04,AAPL,0.12715348073528188,-0.012106862702801036
2024-04-04,TSLA,0.01402093832568918,0.0018667212144398704
2024-04-05,NFLX,0.09649214249772602,0.003672492297742247
2024-04-08,TSLA,0.10235205284528673,0.0006149205837300276
2024-04-09,AAPL,-0.012041899715684187,-0.02126864600012368
2024-04-09,META,-0.6283434496449112,0.023146219219132735
2024-04-09,TSLA,0.12435558116630803,0.0006351722987043562
2024-04-10,GOOGL,0.2378452516464456,-0.003267900024181314
2024-04-10,NFLX,0.09552851604725318,-0.0009452790834147962
2024-04-11,AMZN,0.05695930875919742,0.005434269489519972
2024-04-12,META,0.5968069739823447,-0.027087365827439758
2024-04-16,JPM,-0.02147934524962114,0.006319319638000476
2024-04-17,GOOGL,0.4572900177283792,0.012205351259877872
2024-04-18,JPM,0.09447890570395105,-0.015810791260349788
2024-04-19,AAPL,0.1405289576958953,0.007880917366050122
2024-04-19,AMZN,0.08450169743180481,0.0001782686152338453
2024-04-19,GOOGL,-0.17435323932072777,0.009684187788905563
2024-04-19,MSFT,-0.04901688419800493,0.006758791403680631
2024-04-22,GOOGL,-0.011455170377152268,-0.007113853289036909
2024-04-22,JPM,0.03182161849520179,-0.0355228637797953
2024-04-22,META,0.42294858327777307,0.013807821125758846
2024-04-22,NVDA,0.11246134947456365,-0.01992220232789821
2024-04-23,GS,0.4437892195738824,-0.006413521484836426
2024-04-23,TSLA,0.22965363462010646,-0.008290082737266724
2024-04-24,TSLA,0.36541161764875096,0.02001955177829684
2024-04-25,GS,0.16567255768085015,-0.01305295712681609
2024-04-26,TSLA,0.5105820294676193,0.0024313926601364777
2024-04-30,NVDA,0.2901892798179013,-0.009469582930599962
2024-05-02,GOOGL,0.37431858334150436,0.018041315344747177
2024-05-03,GS,0.0968690400961957,-0.031081879213726737
2024-05-03,META,0.2562531102725448,0.007241602329635111
2024-05-06,AAPL,0.1792752476024171,0.01982647268818072
2024-05-06,GS,0.2679017318766228,-0.011306927130659394
2024-05-07,NFLX,0.304527841242609,-0.014226691149272885
2024-05-08,GS,-0.37474676721922484,-0.01787974654589808
2024-05-08,NVDA,0.17188752778250221,-0.019318684612916748
2024-05-09,GOOGL,-0.1582032302685571,0.025952401067441233
2024-05-09,NVDA,-0.17262226679813575,-0.00035446084305201797
2024-05-10,AAPL,0.21514185782844808,-0.015026177953065156
2024-05-13,NFLX,0.23721772405944447,0.04224568366918846
2024-05-14,AAPL,0.11527240498140412,-0.002342657269522652
2024-05-14,NVDA,0.06596267251526206,0.0340788558100964
2024-05-15,NFLX,0.4521738914661105,-0.013287332815203001
2024-05-16,GS,-0.07024166808955865,-0.011067125042652948
2024-05-16,NFLX,-0.8557783982239746,-0.020711874424015675
2024-05-17,NFLX,0.4416458472366681,0.010388780660871122
2024-05-20,JPM,0.3554839053369588,-0.0017958954299516217
2024-05-21,AMZN,0.2915689366368157,0.009060560304139376
2024-05-24,META,0.5971728925630405,0.006851682277201343
2024-05-27,JPM,-0.01712047109975104,0.0048923735447607974
2024-05-27,NFLX,-0.6317981248862954,0.010624980206513923
2024-05-27,TSLA,0.5609537783268298,-0.03305064341595587
2024-05-28,META,-0.061265809166927365,0.009204840199316555
2024-05-28,MSFT,0.3476916474406301,0.009273660622948432
2024-05-28,NFLX,0.04552429940150099,0.003482942076025175
2024-05-30,JPM,-0.06419778674094279,0.02256998683426259
2024-05-30,META,0.495527045453932,-0.0013250262227235687
2024-05-30,TSLA,0.01639846117243826,0.041406445111454415
2024-05-31,TSLA,0.3546343504835688,0.013566336077922347
2024-06-03,AAPL,-0.8001187601710866,0.010428094531956145
2024-06-03,META,0.33445155738657006,-0.000895573398467242
2024-06-03,NFLX,0.11103919542001654,0.01446719274114705
2024-06-04,JPM,0.25465860145592245,0.006881901709973048
2024-06-04,TSLA,0.22595637383324507,-0.007348138206468402
2024-06-05,AAPL,0.07376472432365197,-0.0032874947162232493
2024-06-05,GS,0.6318451143474465,0.014359545899832904
2024-06-07,AAPL,0.3402312611544168,0.029709350569750104
2024-06-07,GS,0.030551066215966705,0.004320222216902758
2024-06-10,GS,0.11103534779001947,0.029168804876845922
2024-06-10,MSFT,0.20868374932940859,0.0037559872931627325
2024-06-11,AMZN,-0.00937627619602957,-0.010740918532493149
2024-06-11,NFLX,-0.4226083731244869,0.010508099601636012
2024-06-12,GS,0.5135679704150766,0.0034772831841491936
2024-06-13,NVDA,0.0745012687909685,-0.0006578712362175221
2024-06-13,TSLA,0.06725905857642471,-0.011520270716707692
2024-06-14,JPM,0.4065007485198475,-0.010105870743107537
2024-06-14,TSLA,0.43420498860569734,-0.011575296973288629
2024-06-18,NFLX,0.1018465337455496,0.020900393439610587
2024-06-18,TSLA,0.12063289518687342,-0.0006854215473058867
2024-06-19,AMZN,0.0598211304335661,-0.03290096269371656
2024-06-19,MSFT,0.11611892647623705,0.005979850758174976
2024-06-20,AAPL,-0.3276088286927433,0.009883907493162702
2024-06-20,JPM,0.08736208617726737,-0.029948888762197146
2024-06-20,MSFT,0.24501804179502668,0.03767441147993922
2024-06-20,TSLA,0.046234471046770254,-0.018810925741229445
2024-06-21,AMZN,0.26201149446959315,-0.01509106574182828
2024-06-21,MSFT,0.13313769826661626,-0.01786416928621548
2024-06-24,META,0.2394006752961124,-0.007691424871880348
2024-06-24,TSLA,0.1335226423749175,0.011563485490962089
2024-06-25,META,0.09601664052745765,-0.019889424054605587
2024-06-25,NVDA,0.612136905528286,0.00302343623824064
2024-06-26,AAPL,-0.064358946138456,0.0013793149180321151
2024-06-26,GOOGL,-0.059293125035052296,0.0020354348383819776
2024-06-26,META,-0.3605302271473831,-0.00752201923600615
2024-06-26,TSLA,0.23485180862047939,0.0023860925987411186
2024-06-27,AAPL,0.25995634349827085,-0.008059316759462698
2024-06-27,NFLX,0.21600095115491663,0.006844142325207692
2024-06-27,TSLA,0.0978852193765369,-0.01823819396654791
2024-06-28,AMZN,-0.6435809601631577,-0.0026514350559656563
2024-07-02,NFLX,-0.4261784078178235,0.018754850250378707
2024-07-03,AAPL,-0.19455023070948285,0.01418201956781373
2024-07-03,JPM,0.07987930858438022,0.02008130482912973
2024-07-04,GS,-0.021054463234091048,0.005886330418171992
2024-07-04,NFLX,0.06654492157091027,-0.003443458469366667
2024-07-05,GS,0.12689120016567645,-0.0012469422701345545
2024-07-05,JPM,0.27339872512779523,0.021292125847564902
2024-07-08,AAPL,0.6908291691009059,-0.012208976943410943
2024-07-09,GOOGL,0.14170328584772007,-0.0224981358166626
2024-07-09,NVDA,0.2753888818915058,0.04683649709315518
2024-07-10,JPM,-0.057919833730331716,0.0030238290718496152
2024-07-11,AMZN,0.21379007382675685,0.011072697466904646
2024-07-11,GOOGL,-0.0016513485247952597,-0.02497138065365978
2024-07-12,GS,0.15407528021017497,0.00824598924065767
2024-07-16,AAPL,0.10814551589179147,-0.004375497749305457
2024-07-16,JPM,-0.21165024503314472,-0.028384036897512344
2024-07-17,AMZN,-0.0012038972866205144,0.0161159183288051
2024-07-18,AAPL,0.23318778755404224,0.015449470706423218
2024-07-18,GOOGL,0.22638465930001472,-0.039486715096770264
2024-07-18,META,0.06261440107174104,-0.02749470557571354
2024-07-18,MSFT,0.06086666479685095,0.015021509507689101
2024-07-18,NVDA,-0.5669316478705015,-0.007601224408332885
2024-07-18,TSLA,0.5858896614447321,-0.02889550406963759
2024-07-19,NVDA,0.16949452318592328,0.010502704605168889
2024-07-22,AMZN,0.7465953638151294,0.009276563820655559
2024-07-22,META,-0.004044588447895847,0.02348884183850508
2024-07-22,NFLX,0.21031819741681135,-0.0022275678488339334
2024-07-22,NVDA,0.07320329864910086,0.003132200612798508
2024-07-23,AAPL,0.07780757482327805,-0.025937040372419173
2024-07-23,JPM,0.3020213073959267,-0.005355335597550748
2024-07-23,META,-0.17429878384885217,-0.01491680088252123
2024-07-24,AAPL,0.1982793560366608,-0.040751477533741975
2024-07-25,AMZN,0.37655580854278425,-0.00598459025114173
2024-07-25,GOOGL,0.454215211946984,-0.006610252369443459
2024-07-26,META,0.21955975710086245,-0.02201262328433773
2024-07-30,AAPL,0.6221519587334132,0.003968073513868076
2024-07-30,AMZN,0.30877200714142594,0.007318594212855523
2024-07-31,NFLX,0.11922312387939868,0.03696659219031484
2024-08-01,AMZN,0.030516045033509062,-0.030158226926696785
2024-08-02,AMZN,0.20000291403230622,0.008568334649278198
2024-08-05,GS,0.5437700403411152,0.010932637160043779
2024-08-05,JPM,0.5437700403411152,-0.0015470022463014432
2024-08-06,JPM,-0.018807236769637803,-0.0073779430950259295
2024-08-07,GOOGL,0.09693466720999191,-0.024020848830573316
2024-08-07,JPM,0.07886750743156465,-0.03644962518093342
2024-08-08,AMZN,-0.28214105054800404,0.025386626233466547
2024-08-08,MSFT,-0.10230532312646462,0.006328874542729679
2024-08-08,NVDA,0.4506813827700269,-0.02244102889570665
2024-08-09,GOOGL,-0.33509305471676853,0.0036238877998937546
2024-08-12,MSFT,0.060753573621754126,-0.015382120635472951
2024-08-13,AMZN,0.19721783906734713,0.000365509425123145
2024-08-13,GS,-0.09623083274012179,-0.023326176389570685
2024-08-14,JPM,0.15073388054092224,0.026577148199664835
2024-08-16,AAPL,0.38439457644264363,-0.02418207992847321
2024-08-19,GOOGL,0.21034313219296163,-0.019283444519230586
2024-08-20,AAPL,0.15431298135401067,-0.01816282201220709
2024-08-20,GS,-0.004769066299091906,-0.008171921856100384
2024-08-22,JPM,0.030427139953508875,0.021022153356421658
2024-08-23,AMZN,-0.003978848229611087,-0.004196148746090533
2024-08-23,MSFT,0.12010713317789591,0.022070847943325145
2024-08-23,TSLA,0.05356522136670447,0.01615080656632717
2024-08-26,META,0.17393015544465185,0.011104980695041622
2024-08-27,AMZN,0.038217252389164354,0.017184421765929603
2024-09-02,GS,0.05889155041083899,-0.017334559157053064
2024-09-02,JPM,-0.07831237616969781,0.011990163528375009
2024-09-03,JPM,0.06188650933309109,0.02728709126134099
2024-09-03,NFLX,0.27689219292384304,0.01139135475372166
2024-09-03,NVDA,0.03613963299531027,0.013546770279909914
2024-09-04,AMZN,0.0687563657595836,-0.01744093511664646
2024-09-04,GOOGL,0.14343586310488757,-0.00037633378220702784
2024-09-04,NFLX,0.3381024627965224,0.001727308792049742
2024-09-05,AMZN,-0.09591067715400314,-0.01818126710575918
2024-09-06,AMZN,0.17624827645567928,0.020491348859647207
2024-09-06,NFLX,0.09462502472505174,-0.018699283803342626
2024-09-09,JPM,0.12098401867471453,-0.014183334863667407
2024-09-09,META,0.2981204026290675,-0.01413271461869603
2024-09-10,AAPL,0.012286798741763971,-0.025843626712838463
2024-09-10,GOOGL,0.21703569669548584,0.010319190206397266
2024-09-10,NFLX,0.08269232038353581,0.00780917431251682
2024-09-11,AMZN,0.7362725926497019,0.00842391190524494
2024-09-11,GOOGL,0.05505135980409531,0.016658119004854477
2024-09-11,META,0.049167520216332694,0.022528706642748197
2024-09-12,GOOGL,0.04093667172830075,-0.034929767474224716
2024-09-12,GS,0.6357198937403312,0.012363773441912196
2024-09-12,TSLA,0.11973797748945181,0.01957840121112553
2024-09-13,GOOGL,0.07086229066037479,-0.029439827425019494
2024-09-13,JPM,0.10190683534635103,-0.017288718604905884
2024-09-13,MSFT,-0.06828983897599039,0.02635707517853736
2024-09-13,NFLX,0.021064434722610714,-0.013648193711921053
2024-09-16,AAPL,0.26890864122896396,0.007327503765983234
2024-09-16,GOOGL,-0.002636158594670479,0.004194013601134694
2024-09-16,GS,0.014508519560989905,0.0022431319382063553
2024-09-16,NFLX,-0.005702813785457436,0.022326728534290963
2024-09-17,GS,-0.10741987607266679,-0.01961823483487557
2024-09-17,JPM,-0.30680759096047844,-0.0011646008863215318
2024-09-17,NVDA,-0.3537643046335771,-0.010052552720197894
2024-09-18,AAPL,0.304965907082332,0.006700313425616944
2024-09-19,AMZN,0.7835336809748279,0.011845272822056385
2024-09-19,META,-0.2803779820694412,-0.002355379016052095
2024-09-20,GOOGL,0.10453152096830884,-0.03383587084344608
2024-09-20,NVDA,0.4810257129447881,-0.006025938270959208
2024-09-20,TSLA,-0.0035198872561462424,-0.0013461573819225636
2024-09-23,AAPL,0.17239903360100486,0.0016502205501982559
2024-09-23,GOOGL,-0.07458316476540353,-0.022174695837210323
2024-09-23,GS,0.06388037256071732,0.053200782503140864
2024-09-24,AAPL,-0.061039172717166024,0.00328882704279998
2024-09-24,NFLX,0.09490249028999692,0.0076203336865166005
2024-09-25,META,-0.03343458460683027,0.0037462391963853925
2024-09-25,NFLX,0.14535468034735702,-0.0061974345784782114
2024-09-26,TSLA,0.07449440102788521,0.014639585767314278
2024-10-01,AMZN,0.31271606808482727,0.024358478164185238
2024-10-01,GOOGL,-0.5546559685050549,0.022216549250678286
2024-10-01,NFLX,-0.04968050609200192,0.015310898588122512
2024-10-01,TSLA,0.4602591424794775,-0.02170619779085714
2024-10-02,MSFT,-0.0476944289167755,0.0004776516013904608
2024-10-03,AMZN,0.30630819297387246,0.006771788505571363
2024-10-03,TSLA,0.312790826374162,0.004715941536859614
2024-10-04,AAPL,0.13999905232529852,-0.036240697592658244
2024-10-04,META,0.20610862269398605,-0.012590665166108295
2024-10-04,MSFT,-0.28873535001484313,0.007673223001605445
2024-10-04,NFLX,0.033994395252327364,0.02367136598384012
2024-10-08,NVDA,0.37029510306409136,-0.005464236456834803
2024-10-09,AMZN,-0.7377080735057127,0.015344086347907737
2024-10-09,GOOGL,0.15817584865172668,0.01823082443664581
2024-10-10,AMZN,0.40627301230968343,-0.0006668651749829335
2024-10-10,META,0.19403536911209684,0.001333866591632038
2024-10-11,META,0.17581817870461536,-0.010766467370253219
2024-10-11,NFLX,0.42799045247364004,0.0061480638850415215
2024-10-14,MSFT,0.18274276581303228,-0.0192230114502705
2024-10-16,AAPL,0.1926194087519217,-0.006903469072470414
2024-10-16,GS,-0.22796326584076793,-0.005742202204713109
2024-10-17,AAPL,0.3732652076751557,-0.004707434220871498
2024-10-17,JPM,-0.8803787041874309,0.021856613886508613
2024-10-17,META,0.138188192556329,0.019775324713990905
2024-10-21,GS,0.015576283119352163,-0.004298847607116185
2024-10-22,GOOGL,-0.3384874899106587,0.015639645780092692
2024-10-22,JPM,0.07214356709585806,-0.0031320564127691464
2024-10-22,META,0.1293851141196332,-0.003001907775553203
2024-10-22,NFLX,0.08637910022647102,0.0005593719106948836
2024-10-24,JPM,0.08814745435117138,-0.02328051856542246
2024-10-24,NVDA,0.2870300976969537,-0.001613919245528228
2024-10-25,GOOGL,-0.01645272988003804,0.02526314436212429
2024-10-25,META,0.1525709696197436,0.005005968532395322
2024-10-29,TSLA,0.19961270912312512,-0.00804320873146569
2024-10-30,AMZN,0.06556908214395549,-0.018242343545894157
2024-10-30,MSFT,0.11592400926512333,0.0018357923140732701
2024-10-31,NFLX,0.10688176145467579,-0.0019933865170458365
2024-11-01,GS,0.3678550475021276,-0.020160159265456667
2024-11-01,NFLX,0.2935732121771798,-0.001759983820103117
2024-11-01,NVDA,0.10775477725963942,-0.02150997136398003
2024-11-04,MSFT,0.2750530394408395,0.0028660333547854133
2024-11-04,NVDA,-0.003539214566720461,-0.018341656478289114
2024-11-06,AMZN,-0.09911472442014779,0.011621648031594045
2024-11-06,MSFT,0.16761722621629335,-0.018332966768813574
2024-11-07,MSFT,0.0814829605831439,0.005233583154661048
2024-11-08,JPM,-0.718346678174482,-0.011851222873942469
2024-11-11,NVDA,0.5591356078552854,-0.025012831214164644
2024-11-12,AMZN,0.2147264970418457,0.011556692520649614
2024-11-12,GS,-0.9723330805517776,0.008859773598318688
2024-11-12,JPM,0.2890042810482843,0.02847017992155565
2024-11-12,NVDA,-0.05778517450182313,0.033063919962332156
2024-11-13,AMZN,0.33301217414756457,-0.036847152999541
2024-11-14,MSFT,0.37099242398264853,0.013419506014066274
2024-11-15,GS,0.6341764123650038,0.002777578980568185
2024-11-18,GOOGL,0.4444235724628175,-0.006634609469774677
2024-11-18,MSFT,0.07374468463299753,-0.033909290772267786
2024-11-19,GS,0.18636826901888612,0.0021048777447369993
2024-11-19,TSLA,0.3583807371868826,0.006522070076068864
2024-11-20,META,0.06282143270762644,0.010292614870935468
2024-11-25,JPM,0.1405593151083048,-0.017202637491794737
2024-11-25,NFLX,0.05267073237572939,0.0215533224747968
2024-11-26,NFLX,0.09973515242424508,0.013169626578076965
2024-11-27,AMZN,0.1542619360466729,-0.009061214973581366
2024-11-27,MSFT,0.08476642267191942,-0.021448475800301403
2024-11-27,NFLX,0.2557264412721185,-0.01675596485271269
2024-11-28,MSFT,-0.8000509409510056,-0.0005084040289174974
2024-11-28,NFLX,0.22438915738386692,0.026073784104333697
2024-12-02,GOOGL,0.13164610608958474,0.0008526801270694051
2024-12-02,GS,-0.08896007947998832,0.014396381197177899
2024-12-02,NFLX,0.27668251980121145,0.011255391964650974
2024-12-03,AAPL,0.18011763869797887,-0.009339036912023424
2024-12-03,META,0.2929007864290465,0.019748237449219053
2024-12-03,NFLX,-0.33484833198238084,0.004086585782024255
2024-12-03,NVDA,0.5000387151357664,0.029646719084158946
2024-12-04,AAPL,-0.5542785784551361,0.044948362395696106
2024-12-04,AMZN,0.24061012451292813,0.012672853198879785
2024-12-04,GOOGL,0.6081336520320908,0.006568635818645863
2024-12-04,META,0.14254873209374663,0.012877217002336794
2024-12-04,MSFT,-0.7464365697908604,0.009850685563928874
2024-12-09,GOOGL,0.34122857992718697,-0.022075692737315356
2024-12-10,AAPL,-0.3318681602004113,-0.027317198397065257
2024-12-10,MSFT,-0.05916936691117669,-0.002154388913880867
2024-12-13,GOOGL,-0.021097866859630623,0.006645059521103391
2024-12-13,META,0.6034619465149891,0.011756544049349671
2024-12-16,MSFT,0.6596618623994476,-0.002244799651448637
2024-12-16,NVDA,0.24277611330360854,-0.0008856248574676817
2024-12-17,AAPL,0.4884820908257102,0.006625466005753644
2024-12-17,NFLX,0.2808267301378621,0.004285344218485143
2024-12-18,GOOGL,0.19043051921740023,0.01035691026305785
2024-12-18,GS,-0.29692339047741567,-0.004256681208447466
2024-12-19,AAPL,0.3238635205721426,-0.011919099095689556
2024-12-19,GOOGL,0.1079001820723888,-0.012180453793681378
2024-12-19,JPM,0.03710441559091641,0.04442676118315747
2024-12-19,META,-0.08438823957696401,-0.012340202446778137
2024-12-19,NVDA,0.43628597479804715,0.022746075523695453
2024-12-19,TSLA,-0.06996640997984244,-7.573631719270946e-05
2024-12-20,AMZN,0.1103207880622846,-0.0032678833279491393
2024-12-20,NVDA,0.01823899714209723,-0.014793221817184232
2024-12-23,AMZN,-0.01807499555750358,0.002376478942530902
2024-12-24,AAPL,0.12497161140665727,-0.01691794804164881
2024-12-24,JPM,0.7896469778212332,0.023838318809164427
2024-12-25,GS,0.3157655906235795,0.010446813139582511
2024-12-26,GOOGL,0.012943014220217625,-0.017180609522384538
2024-12-27,GS,0.20672003310961418,-0.014064426437602529
2024-12-27,JPM,-0.37859636215713494,-0.01009522543524799
2024-12-27,NFLX,-0.041889002458004365,-0.013734430217558491
2024-12-27,NVDA,0.24302566617509985,0.0006145870737663817
2024-12-30,NVDA,0.036916795677233966,0.03671970643343214
2024-12-31,GOOGL,0.0805097340454527,-0.02467004968769404
2024-12-31,TSLA,0.1419559499308778,-0.011323522341163739
